date,first_trade_class,first_trade_change,first_trade_high,first_trade_low,second_trade_class,second_trade_change,second_trade_high,second_trade_low,final_trade_class,final_trade_change,final_trade_high,final_trade_low,final_high_is_daily_high,final_low_is_daily_low,combination
20230801,Medium,Up,17213.0,17158.0,High,Down,17218.0,17090.0,Medium,Up,17205.0,17106.0,False,False,Medium_Up_High_Down_Medium_Up_Nh_Nl
20230802,High,Up,17149.0,17086.0,Low,Down,17162.0,17111.0,High,Down,17136.0,16806.0,False,True,High_Up_Low_Down_High_Down_Nh_L
20230804,High,Up,16795.0,16715.0,Medium,Up,16814.0,16728.0,High,Up,16863.0,16757.0,True,False,High_Up_Medium_Up_High_Up_H_Nl
20230807,Medium,Up,16915.0,16836.0,Low,Down,16918.0,16865.0,High,Up,17027.0,16873.0,True,False,Medium_Up_Low_Down_High_Up_H_Nl
20230808,High,Down,17026.0,16916.0,High,Down,16948.0,16828.0,Low,Up,16887.0,16757.0,False,True,High_Down_High_Down_Low_Up_Nh_L
20230809,Medium,Up,16882.0,16785.0,Low,Down,16935.0,16873.0,High,Down,16932.0,16780.0,False,True,Medium_Up_Low_Down_High_Down_Nh_L
20230810,Medium,Down,16797.0,16691.0,High,Down,16739.0,16584.0,Low,Up,16675.0,16594.0,False,False,Medium_Down_High_Down_Low_Up_Nh_Nl
20230811,Medium,Up,16739.0,16693.0,Medium,Down,16754.0,16681.0,High,Down,16718.0,16574.0,False,True,Medium_Up_Medium_Down_High_Down_Nh_L
20230814,High,Down,16570.0,16428.0,Medium,Down,16497.0,16417.0,High,Down,16446.0,16306.0,False,True,High_Down_Medium_Down_High_Down_Nh_L
20230815,High,Up,16518.0,16460.0,Medium,Up,16529.0,16468.0,High,Down,16540.0,16422.0,True,True,High_Up_Medium_Up_High_Down_H_L
20230816,High,Up,16360.0,16290.0,Medium,Up,16393.0,16295.0,Low,Down,16413.0,16337.0,True,False,High_Up_Medium_Up_Low_Down_H_Nl
20230817,Medium,Up,16273.0,16226.0,Medium,Up,16325.0,16205.0,High,Up,16493.0,16307.0,True,False,Medium_Up_Medium_Up_High_Up_H_Nl
20230818,Medium,Flat,16440.0,16392.0,High,Up,16518.0,16414.0,High,Down,16541.0,16320.0,True,True,Medium_Flat_High_Up_High_Down_H_L
20230821,Medium,Down,16474.0,16397.0,Low,Up,16417.0,16360.0,High,Down,16421.0,16325.0,False,True,Medium_Down_Low_Up_High_Down_Nh_L
20230822,Medium,Down,16507.0,16424.0,Low,Up,16476.0,16413.0,High,Down,16460.0,16380.0,False,True,Medium_Down_Low_Up_High_Down_Nh_L
20230823,High,Up,16500.0,16405.0,Low,Down,16523.0,16451.0,High,Up,16561.0,16460.0,True,False,High_Up_Low_Down_High_Up_H_Nl
20230824,High,Down,16792.0,16692.0,Medium,Up,16760.0,16697.0,Medium,Up,16798.0,16670.0,True,True,High_Down_Medium_Up_Medium_Up_H_L
20230825,Medium,Up,16586.0,16526.0,Medium,Down,16585.0,16502.0,High,Down,16567.0,16415.0,False,True,Medium_Up_Medium_Down_High_Down_Nh_L
20230828,Medium,Up,16530.0,16464.0,Medium,Up,16534.0,16470.0,Medium,Down,16548.0,16461.0,True,True,Medium_Up_Medium_Up_Medium_Down_H_L
20230829,High,Down,16581.0,16500.0,Low,Up,16547.0,16504.0,Medium,Up,16632.0,16453.0,True,True,High_Down_Low_Up_Medium_Up_H_L
20230830,High,Up,16767.0,16724.0,High,Up,16776.0,16737.0,High,Down,16778.0,16695.0,True,True,High_Up_High_Up_High_Down_H_L
20230831,High,Down,16731.0,16640.0,Low,Up,16677.0,16624.0,High,Down,16688.0,16602.0,False,True,High_Down_Low_Up_High_Down_Nh_L
20230901,High,Up,16674.0,16600.0,High,Up,16688.0,16644.0,Low,Down,16727.0,16640.0,True,False,High_Up_High_Up_Low_Down_H_Nl
20230904,Medium,Down,16666.0,16628.0,Medium,Down,16692.0,16620.0,High,Up,16782.0,16607.0,True,True,Medium_Down_Medium_Down_High_Up_H_L
20230905,Medium,Up,16740.0,16707.0,High,Up,16758.0,16712.0,High,Up,16765.0,16712.0,True,False,Medium_Up_High_Up_High_Up_H_Nl
20230906,Medium,Down,16801.0,16753.0,Low,Up,16769.0,16741.0,High,Down,16772.0,16702.0,False,True,Medium_Down_Low_Up_High_Down_Nh_L
20230907,Medium,Up,16651.0,16576.0,Low,Down,16660.0,16601.0,Medium,Down,16650.0,16560.0,False,True,Medium_Up_Low_Down_Medium_Down_Nh_L
20230908,High,Up,16520.0,16480.0,High,Down,16507.0,16475.0,High,Up,16579.0,16467.0,True,True,High_Up_High_Down_High_Up_H_L
20230911,High,Down,16577.0,16535.0,High,Down,16553.0,16406.0,High,Down,16468.0,16366.0,False,True,High_Down_High_Down_High_Down_Nh_L
20230912,Medium,Down,16482.0,16424.0,Low,Up,16462.0,16413.0,High,Up,16591.0,16433.0,True,False,Medium_Down_Low_Up_High_Up_H_Nl
20230913,High,Up,16602.0,16557.0,Low,Down,16645.0,16579.0,High,Down,16609.0,16523.0,False,True,High_Up_Low_Down_High_Down_Nh_L
20230914,High,Up,16745.0,16675.0,High,Up,16776.0,16721.0,High,Up,16842.0,16758.0,True,False,High_Up_High_Up_High_Up_H_Nl
20230915,Medium,Down,16862.0,16830.0,High,Down,16848.0,16808.0,High,Up,16918.0,16826.0,True,False,Medium_Down_High_Down_High_Up_H_Nl
20230918,Medium,Up,16788.0,16734.0,Low,Down,16794.0,16765.0,High,Down,16796.0,16700.0,True,True,Medium_Up_Low_Down_High_Down_H_L
20230919,High,Up,16738.0,16680.0,Medium,Down,16741.0,16677.0,High,Down,16727.0,16603.0,False,True,High_Up_Medium_Down_High_Down_Nh_L
20230920,Medium,Down,16613.0,16577.0,Medium,Up,16634.0,16555.0,Medium,Down,16648.0,16531.0,True,True,Medium_Down_Medium_Up_Medium_Down_H_L
20230921,High,Down,16483.0,16374.0,High,Down,16383.0,16332.0,High,Down,16361.0,16280.0,False,True,High_Down_High_Down_High_Down_Nh_L
20230922,High,Up,16294.0,16188.0,High,Up,16306.0,16246.0,High,Up,16355.0,16258.0,True,False,High_Up_High_Up_High_Up_H_Nl
20230925,High,Up,16434.0,16340.0,High,Up,16446.0,16394.0,High,Up,16491.0,16417.0,True,False,High_Up_High_Up_High_Up_H_Nl
20230926,Medium,Down,16405.0,16332.0,Low,Down,16408.0,16308.0,High,Down,16348.0,16273.0,False,True,Medium_Down_Low_Down_High_Down_Nh_L
20230927,Medium,Down,16275.0,16230.0,High,Up,16322.0,16246.0,Medium,Up,16334.0,16252.0,True,False,Medium_Down_High_Up_Medium_Up_H_Nl
20230928,High,Up,16426.0,16341.0,Medium,Down,16435.0,16361.0,High,Down,16400.0,16295.0,False,True,High_Up_Medium_Down_High_Down_Nh_L
20231002,Medium,Up,16558.0,16504.0,High,Up,16600.0,16535.0,Low,Down,16610.0,16550.0,True,False,Medium_Up_High_Up_Low_Down_H_Nl
20231003,High,Up,16539.0,16476.0,High,Up,16553.0,16517.0,High,Down,16551.0,16408.0,False,True,High_Up_High_Up_High_Down_Nh_L
20231004,High,Down,16286.0,16217.0,High,Down,16239.0,16164.0,Medium,Up,16285.0,16182.0,False,False,High_Down_High_Down_Medium_Up_Nh_Nl
20231005,High,Up,16365.0,16288.0,High,Up,16390.0,16345.0,High,Up,16486.0,16378.0,True,False,High_Up_High_Up_High_Up_H_Nl
20231006,High,Up,16548.0,16473.0,Low,Up,16523.0,16482.0,High,Up,16552.0,16484.0,True,False,High_Up_Low_Up_High_Up_H_Nl
20231011,Medium,Down,16829.0,16726.0,High,Down,16767.0,16707.0,High,Down,16733.0,16662.0,False,True,Medium_Down_High_Down_High_Down_Nh_L
20231012,Medium,Down,16797.0,16725.0,Low,Up,16775.0,16730.0,High,Up,16857.0,16745.0,True,False,Medium_Down_Low_Up_High_Up_H_Nl
20231013,Medium,Down,16765.0,16740.0,High,Up,16791.0,16745.0,Medium,Down,16807.0,16730.0,True,True,Medium_Down_High_Up_Medium_Down_H_L
20231016,Medium,Up,16683.0,16641.0,Low,Up,16681.0,16623.0,Medium,Down,16669.0,16603.0,False,True,Medium_Up_Low_Up_Medium_Down_Nh_L
20231017,High,Down,16782.0,16738.0,High,Down,16747.0,16710.0,High,Down,16753.0,16634.0,False,True,High_Down_High_Down_High_Down_Nh_L
20231018,High,Down,16633.0,16566.0,High,Down,16589.0,16515.0,High,Down,16552.0,16411.0,False,True,High_Down_High_Down_High_Down_Nh_L
20231019,High,Up,16476.0,16357.0,High,Up,16485.0,16441.0,Low,Down,16487.0,16396.0,True,False,High_Up_High_Up_Low_Down_H_Nl
20231020,High,Down,16448.0,16278.0,High,Down,16296.0,16255.0,Medium,Up,16465.0,16277.0,True,False,High_Down_High_Down_Medium_Up_H_Nl
20231023,Medium,Up,16362.0,16321.0,Medium,Down,16366.0,16312.0,High,Down,16345.0,16250.0,False,True,Medium_Up_Medium_Down_High_Down_Nh_L
20231024,Medium,Up,16287.0,16226.0,Medium,Down,16282.0,16155.0,High,Up,16343.0,16148.0,True,True,Medium_Up_Medium_Down_High_Up_H_L
20231025,Medium,Up,16422.0,16360.0,High,Up,16444.0,16392.0,Medium,Down,16480.0,16350.0,True,True,Medium_Up_High_Up_Medium_Down_H_L
20231026,Medium,Down,16155.0,16075.0,High,Up,16176.0,16091.0,High,Down,16167.0,16039.0,False,True,Medium_Down_High_Up_High_Down_Nh_L
20231027,Medium,Up,16179.0,16131.0,High,Up,16209.0,16165.0,Medium,Down,16217.0,16120.0,True,True,Medium_Up_High_Up_Medium_Down_H_L
20231030,High,Up,16238.0,16111.0,Medium,Up,16209.0,16155.0,Medium,Down,16224.0,16131.0,False,False,High_Up_Medium_Up_Medium_Down_Nh_Nl
20231031,Low,Down,16195.0,16145.0,Low,Up,16197.0,16132.0,High,Down,16196.0,15973.0,False,True,Low_Down_Low_Up_High_Down_Nh_L
20231101,Medium,Down,16120.0,16081.0,High,Down,16104.0,16052.0,Medium,Down,16095.0,15978.0,False,True,Medium_Down_High_Down_Medium_Down_Nh_L
20231102,High,Up,16333.0,16250.0,High,Up,16355.0,16322.0,High,Up,16399.0,16326.0,True,False,High_Up_High_Up_High_Up_H_Nl
20231103,Medium,Up,16494.0,16441.0,High,Up,16499.0,16452.0,Medium,Up,16537.0,16460.0,True,False,Medium_Up_High_Up_Medium_Up_H_Nl
20231106,Medium,Down,16683.0,16626.0,High,Up,16686.0,16633.0,Low,Down,16750.0,16654.0,True,False,Medium_Down_High_Up_Low_Down_H_Nl
20231107,Medium,Up,16657.0,16613.0,High,Up,16696.0,16652.0,High,Up,16712.0,16654.0,True,False,Medium_Up_High_Up_High_Up_H_Nl
20231108,Medium,Down,16737.0,16687.0,High,Up,16754.0,16700.0,High,Up,16797.0,16726.0,True,False,Medium_Down_High_Up_High_Up_H_Nl
20231109,High,Up,16742.0,16709.0,Medium,Up,16781.0,16697.0,Low,Down,16788.0,16692.0,True,True,High_Up_Medium_Up_Low_Down_H_L
20231110,Medium,Up,16690.0,16627.0,Low,Down,16698.0,16670.0,Medium,Up,16738.0,16642.0,True,False,Medium_Up_Low_Down_Medium_Up_H_Nl
20231113,High,Down,16985.0,16913.0,High,Down,16925.0,16887.0,High,Down,16913.0,16836.0,False,True,High_Down_High_Down_High_Down_Nh_L
20231114,Medium,Down,16967.0,16923.0,Low,Up,16958.0,16912.0,Medium,Up,16976.0,16921.0,True,False,Medium_Down_Low_Up_Medium_Up_H_Nl
20231115,Medium,Down,17192.0,17135.0,High,Down,17163.0,17117.0,High,Down,17152.0,17055.0,False,True,Medium_Down_High_Down_High_Down_Nh_L
20231116,Medium,Up,17218.0,17192.0,High,Down,17211.0,17169.0,Low,Up,17193.0,17109.0,False,True,Medium_Up_High_Down_Low_Up_Nh_L
20231117,High,Up,17201.0,17151.0,High,Up,17230.0,17179.0,Low,Down,17252.0,17189.0,True,False,High_Up_High_Up_Low_Down_H_Nl
20231120,High,Down,17288.0,17191.0,High,Down,17242.0,17156.0,Low,Up,17213.0,17154.0,False,True,High_Down_High_Down_Low_Up_Nh_L
20231121,High,Up,17356.0,17280.0,High,Up,17395.0,17348.0,High,Up,17425.0,17377.0,True,False,High_Up_High_Up_High_Up_H_Nl
20231122,Medium,Up,17318.0,17280.0,High,Up,17333.0,17303.0,Medium,Down,17334.0,17256.0,True,True,Medium_Up_High_Up_Medium_Down_H_L
20231123,Medium,Down,17305.0,17259.0,High,Up,17322.0,17271.0,Medium,Down,17323.0,17214.0,True,True,Medium_Down_High_Up_Medium_Down_H_L
20231124,High,Down,17350.0,17317.0,High,Down,17326.0,17271.0,Low,Flat,17312.0,17265.0,False,True,High_Down_High_Down_Low_Flat_Nh_L
20231127,High,Up,17361.0,17236.0,Medium,Down,17353.0,17272.0,High,Down,17295.0,17145.0,False,True,High_Up_Medium_Down_High_Down_Nh_L
20231128,Medium,Up,17240.0,17195.0,High,Up,17259.0,17219.0,High,Up,17402.0,17252.0,True,False,Medium_Up_High_Up_High_Up_H_Nl
20231129,High,Up,17429.0,17335.0,High,Up,17450.0,17388.0,High,Down,17418.0,17314.0,False,True,High_Up_High_Up_High_Down_Nh_L
20231130,High,Down,17416.0,17360.0,High,Down,17387.0,17321.0,High,Up,17406.0,17291.0,False,True,High_Down_High_Down_High_Up_Nh_L
20231201,High,Up,17348.0,17254.0,High,Up,17386.0,17312.0,High,Up,17434.0,17352.0,True,False,High_Up_High_Up_High_Up_H_Nl
20231204,Medium,Down,17491.0,17442.0,High,Down,17466.0,17404.0,High,Down,17448.0,17376.0,False,True,Medium_Down_High_Down_High_Down_Nh_L
20231205,High,Down,17330.0,17260.0,Low,Up,17283.0,17234.0,Medium,Up,17317.0,17231.0,False,True,High_Down_Low_Up_Medium_Up_Nh_L
20231206,Medium,Down,17396.0,17346.0,Medium,Up,17419.0,17356.0,Medium,Down,17453.0,17366.0,True,False,Medium_Down_Medium_Up_Medium_Down_H_Nl
20231207,Medium,Up,17352.0,17302.0,Medium,Up,17371.0,17308.0,High,Down,17360.0,17261.0,False,True,Medium_Up_Medium_Up_High_Down_Nh_L
20231208,High,Up,17470.0,17404.0,Medium,Down,17463.0,17412.0,High,Down,17440.0,17363.0,False,True,High_Up_Medium_Down_High_Down_Nh_L
20231211,High,Down,17457.0,17362.0,Low,Up,17400.0,17350.0,Medium,Up,17420.0,17358.0,False,False,High_Down_Low_Up_Medium_Up_Nh_Nl
20231212,Medium,Down,17545.0,17502.0,High,Down,17523.0,17489.0,High,Down,17507.0,17427.0,False,True,Medium_Down_High_Down_High_Down_Nh_L
20231213,Medium,Down,17511.0,17463.0,High,Up,17519.0,17490.0,High,Down,17511.0,17426.0,False,True,Medium_Down_High_Up_High_Down_Nh_L
20231214,Medium,Up,17655.0,17595.0,High,Up,17689.0,17611.0,Low,Up,17691.0,17606.0,True,False,Medium_Up_High_Up_Low_Up_H_Nl
20231215,High,Down,17775.0,17724.0,High,Down,17750.0,17721.0,Medium,Down,17765.0,17672.0,False,True,High_Down_High_Down_Medium_Down_Nh_L
20231218,High,Down,17673.0,17583.0,High,Up,17649.0,17592.0,High,Up,17662.0,17618.0,False,False,High_Down_High_Up_High_Up_Nh_Nl
20231219,Medium,Down,17621.0,17573.0,High,Down,17592.0,17539.0,Low,Up,17584.0,17505.0,False,True,Medium_Down_High_Down_Low_Up_Nh_L
20231220,Medium,Down,17631.0,17600.0,Low,Up,17630.0,17596.0,Low,Down,17655.0,17606.0,True,False,Medium_Down_Low_Up_Low_Down_H_Nl
20231221,Medium,Up,17490.0,17414.0,High,Up,17495.0,17455.0,High,Up,17544.0,17463.0,True,False,Medium_Up_High_Up_High_Up_H_Nl
20231222,High,Down,17586.0,17542.0,Medium,Up,17590.0,17544.0,Medium,Down,17597.0,17548.0,True,False,High_Down_Medium_Up_Medium_Down_H_Nl
20231225,High,Down,17666.0,17612.0,High,Down,17636.0,17607.0,Medium,Flat,17645.0,17608.0,False,False,High_Down_High_Down_Medium_Flat_Nh_Nl
20231226,Medium,Up,17664.0,17634.0,High,Up,17710.0,17663.0,High,Up,17740.0,17685.0,True,False,Medium_Up_High_Up_High_Up_H_Nl
20231227,High,Up,17796.0,17737.0,High,Up,17821.0,17792.0,High,Up,17874.0,17803.0,True,False,High_Up_High_Up_High_Up_H_Nl
20231228,High,Up,17885.0,17844.0,Medium,Up,17887.0,17851.0,Medium,Down,17882.0,17821.0,False,True,High_Up_Medium_Up_Medium_Down_Nh_L
20231229,Medium,Down,17864.0,17830.0,High,Down,17849.0,17828.0,Medium,Up,17900.0,17837.0,True,False,Medium_Down_High_Down_Medium_Up_H_Nl
20240102,Medium,Flat,17920.0,17811.0,High,Down,17858.0,17800.0,High,Down,17828.0,17751.0,False,True,Medium_Flat_High_Down_High_Down_Nh_L
20240103,High,Down,17667.0,17606.0,High,Down,17628.0,17575.0,High,Down,17618.0,17507.0,False,True,High_Down_High_Down_High_Down_Nh_L
20240104,Medium,Up,17583.0,17525.0,High,Down,17573.0,17526.0,High,Down,17568.0,17527.0,False,False,Medium_Up_High_Down_High_Down_Nh_Nl
20240105,Medium,Up,17605.0,17552.0,Medium,Down,17626.0,17561.0,High,Down,17580.0,17491.0,False,True,Medium_Up_Medium_Down_High_Down_Nh_L
20240108,High,Up,17665.0,17568.0,Low,Down,17706.0,17653.0,High,Down,17672.0,17577.0,False,False,High_Up_Low_Down_High_Down_Nh_Nl
20240109,High,Down,17782.0,17665.0,High,Down,17690.0,17635.0,High,Down,17659.0,17526.0,False,True,High_Down_High_Down_High_Down_Nh_L
20240110,High,Down,17521.0,17439.0,Medium,Up,17505.0,17460.0,Medium,Down,17513.0,17446.0,False,False,High_Down_Medium_Up_Medium_Down_Nh_Nl
20240111,Medium,Down,17543.0,17486.0,Medium,Down,17535.0,17481.0,High,Up,17606.0,17496.0,True,False,Medium_Down_Medium_Down_High_Up_H_Nl
20240112,Medium,Down,17483.0,17447.0,Medium,Up,17505.0,17449.0,Low,Down,17570.0,17483.0,True,False,Medium_Down_Medium_Up_Low_Down_H_Nl
20240115,High,Down,17655.0,17558.0,High,Down,17572.0,17536.0,Medium,Up,17646.0,17527.0,False,True,High_Down_High_Down_Medium_Up_Nh_L
20240116,High,Down,17499.0,17332.0,Low,Up,17390.0,17321.0,Medium,Down,17434.0,17327.0,False,False,High_Down_Low_Up_Medium_Down_Nh_Nl
20240117,Medium,Down,17330.0,17267.0,Low,Down,17344.0,17283.0,High,Down,17308.0,17159.0,False,True,Medium_Down_Low_Down_High_Down_Nh_L
20240118,High,Up,17326.0,17234.0,High,Down,17310.0,17231.0,Low,Up,17289.0,17215.0,False,True,High_Up_High_Down_Low_Up_Nh_L
20240119,Medium,Down,17579.0,17508.0,Low,Up,17538.0,17504.0,High,Up,17684.0,17521.0,True,False,Medium_Down_Low_Up_High_Up_H_Nl
20240122,High,Up,17823.0,17751.0,High,Up,17843.0,17790.0,Low,Up,17830.0,17747.0,False,True,High_Up_High_Up_Low_Up_Nh_L
20240123,High,Up,17873.0,17790.0,Low,Down,17870.0,17822.0,Medium,Up,17877.0,17817.0,True,False,High_Up_Low_Down_Medium_Up_H_Nl
20240124,Medium,Up,17915.0,17876.0,High,Up,17934.0,17898.0,Low,Down,17941.0,17878.0,True,False,Medium_Up_High_Up_Low_Down_H_Nl
20240125,High,Down,18030.0,17951.0,High,Down,17980.0,17944.0,Medium,Up,18011.0,17935.0,False,True,High_Down_High_Down_Medium_Up_Nh_L
20240126,High,Up,18013.0,17936.0,Low,Down,18015.0,17984.0,Medium,Up,18023.0,17957.0,True,False,High_Up_Low_Down_Medium_Up_H_Nl
20240129,Medium,Up,18035.0,17970.0,High,Up,18078.0,18025.0,High,Up,18135.0,18066.0,True,False,Medium_Up_High_Up_High_Up_H_Nl
20240130,High,Down,18139.0,18072.0,High,Up,18128.0,18082.0,Medium,Down,18129.0,18064.0,False,True,High_Down_High_Up_Medium_Down_Nh_L
20240131,High,Up,18003.0,17950.0,Medium,Down,17998.0,17935.0,High,Down,17952.0,17904.0,False,True,High_Up_Medium_Down_High_Down_Nh_L
20240201,High,Down,17994.0,17939.0,High,Down,17948.0,17882.0,Medium,Up,17994.0,17883.0,True,False,High_Down_High_Down_Medium_Up_H_Nl
20240202,High,Down,18105.0,18034.0,Low,Up,18066.0,18023.0,High,Up,18090.0,18035.0,False,False,High_Down_Low_Up_High_Up_Nh_Nl
20240205,Medium,Down,18028.0,17958.0,High,Up,18034.0,17982.0,High,Up,18102.0,18011.0,True,False,Medium_Down_High_Up_High_Up_H_Nl
20240215,Medium,Up,18652.0,18531.0,Low,Down,18646.0,18564.0,High,Up,18696.0,18560.0,True,False,Medium_Up_Low_Down_High_Up_H_Nl
20240216,High,Up,18726.0,18674.0,Medium,Down,18724.0,18689.0,High,Down,18695.0,18633.0,False,True,High_Up_Medium_Down_High_Down_Nh_L
20240219,Medium,Down,18692.0,18640.0,Medium,Down,18680.0,18639.0,Medium,Up,18688.0,18619.0,False,True,Medium_Down_Medium_Down_Medium_Up_Nh_L
20240220,Medium,Up,18659.0,18596.0,High,Up,18737.0,18655.0,High,Up,18754.0,18687.0,True,False,Medium_Up_High_Up_High_Up_H_Nl
20240221,High,Down,18750.0,18673.0,Low,Up,18708.0,18662.0,Medium,Down,18728.0,18659.0,False,True,High_Down_Low_Up_Medium_Down_Nh_L
20240222,Medium,Up,18890.0,18825.0,High,Down,18855.0,18804.0,Medium,Up,18889.0,18751.0,False,True,Medium_Up_High_Down_Medium_Up_Nh_L
20240223,High,Down,18999.0,18945.0,High,Down,18967.0,18930.0,Medium,Down,19000.0,18898.0,True,True,High_Down_High_Down_Medium_Down_H_L
20240226,Medium,Up,18913.0,18853.0,High,Up,18944.0,18899.0,High,Up,18996.0,18905.0,True,False,Medium_Up_High_Up_High_Up_H_Nl
20240227,High,Up,19020.0,18941.0,Low,Down,19013.0,18979.0,High,Down,18982.0,18750.0,False,True,High_Up_Low_Down_High_Down_Nh_L
20240229,Medium,Up,18847.0,18805.0,High,Up,18885.0,18833.0,High,Up,18997.0,18836.0,True,False,Medium_Up_High_Up_High_Up_H_Nl
20240301,Medium,Up,19017.0,18962.0,Medium,Down,18994.0,18924.0,Medium,Down,19007.0,18943.0,False,False,Medium_Up_Medium_Down_Medium_Down_Nh_Nl
20240304,High,Up,19190.0,19137.0,High,Up,19272.0,19172.0,High,Up,19340.0,19253.0,True,False,High_Up_High_Up_High_Up_H_Nl
20240305,Low,Down,19407.0,19351.0,Medium,Up,19404.0,19305.0,Low,Down,19436.0,19360.0,True,False,Low_Down_Medium_Up_Low_Down_H_Nl
20240306,Medium,Up,19328.0,19271.0,High,Up,19371.0,19317.0,High,Up,19523.0,19367.0,True,False,Medium_Up_High_Up_High_Up_H_Nl
20240307,Medium,Up,19725.0,19633.0,Low,Down,19751.0,19652.0,Low,Down,19770.0,19584.0,True,True,Medium_Up_Low_Down_Low_Down_H_L
20240308,Medium,Up,19995.0,19908.0,High,Up,20009.0,19944.0,High,Down,19998.0,19638.0,False,True,Medium_Up_High_Up_High_Down_Nh_L
20240311,High,Up,19796.0,19684.0,High,Up,19825.0,19761.0,High,Down,19794.0,19679.0,False,True,High_Up_High_Up_High_Down_Nh_L
20240312,Medium,Up,19763.0,19698.0,High,Up,19808.0,19747.0,High,Up,19956.0,19771.0,True,False,Medium_Up_High_Up_High_Up_H_Nl
20240313,Medium,Up,20064.0,19962.0,High,Down,20008.0,19935.0,High,Down,19998.0,19886.0,False,True,Medium_Up_High_Down_High_Down_Nh_L
20240314,Low,Down,19950.0,19851.0,Low,Up,19918.0,19799.0,High,Up,19978.0,19883.0,True,False,Low_Down_Low_Up_High_Up_H_Nl
20240315,Medium,Down,19860.0,19784.0,Low,Down,19873.0,19794.0,High,Down,19860.0,19723.0,False,True,Medium_Down_Low_Down_High_Down_Nh_L
20240318,High,Down,19820.0,19749.0,Medium,Up,19795.0,19747.0,High,Up,19920.0,19756.0,True,False,High_Down_Medium_Up_High_Up_H_Nl
20240319,Medium,Down,19821.0,19739.0,Low,Up,19802.0,19749.0,High,Up,19911.0,19782.0,True,False,Medium_Down_Low_Up_High_Up_H_Nl
20240320,High,Up,19948.0,19845.0,Medium,Down,19956.0,19854.0,High,Down,19922.0,19731.0,False,True,High_Up_Medium_Down_High_Down_Nh_L
20240321,High,Up,20090.0,20029.0,High,Up,20125.0,20081.0,High,Up,20264.0,20070.0,True,False,High_Up_High_Up_High_Up_H_Nl
20240322,Medium,Up,20285.0,20202.0,Medium,Down,20263.0,20212.0,Low,Up,20252.0,20122.0,False,True,Medium_Up_Medium_Down_Low_Up_Nh_L
20240325,High,Down,20271.0,20203.0,Low,Flat,20243.0,20188.0,High,Up,20307.0,20211.0,True,False,High_Down_Low_Flat_High_Up_H_Nl
20240326,High,Up,20405.0,20270.0,Low,Down,20459.0,20282.0,High,Down,20316.0,20038.0,False,True,High_Up_Low_Down_High_Down_Nh_L
20240327,Medium,Up,20220.0,20148.0,Low,Down,20226.0,20168.0,High,Up,20288.0,20165.0,True,False,Medium_Up_Low_Down_High_Up_H_Nl
20240328,Medium,Down,20248.0,20194.0,High,Down,20223.0,20081.0,High,Up,20250.0,20153.0,True,False,Medium_Down_High_Down_High_Up_H_Nl
20240329,Medium,Up,20262.0,20220.0,Medium,Up,20278.0,20192.0,High,Up,20299.0,20236.0,True,False,Medium_Up_Medium_Up_High_Up_H_Nl
20240401,Medium,Up,20400.0,20333.0,Medium,Down,20395.0,20312.0,High,Down,20344.0,20259.0,False,True,Medium_Up_Medium_Down_High_Down_Nh_L
20240402,High,Up,20445.0,20350.0,Low,Down,20446.0,20384.0,High,Up,20524.0,20406.0,True,False,High_Up_Low_Down_High_Up_H_Nl
20240403,Low,Down,20415.0,20348.0,Medium,Down,20395.0,20304.0,Medium,Up,20419.0,20275.0,True,True,Low_Down_Medium_Down_Medium_Up_H_L
20240408,Medium,Up,20433.0,20375.0,High,Up,20470.0,20394.0,Low,Down,20520.0,20434.0,True,False,Medium_Up_High_Up_Low_Down_H_Nl
20240409,High,Up,20686.0,20518.0,High,Up,20734.0,20647.0,High,Up,20877.0,20656.0,True,False,High_Up_High_Up_High_Up_H_Nl
20240410,Low,Down,20863.0,20804.0,Medium,Up,20853.0,20806.0,Medium,Up,20892.0,20809.0,True,False,Low_Down_Medium_Up_Medium_Up_H_Nl
20240411,Medium,Up,20744.0,20695.0,Medium,Up,20736.0,20651.0,Medium,Up,20764.0,20668.0,True,False,Medium_Up_Medium_Up_Medium_Up_H_Nl
20240412,High,Down,20758.0,20687.0,Medium,Down,20728.0,20682.0,High,Up,20809.0,20697.0,True,False,High_Down_Medium_Down_High_Up_H_Nl
20240415,Low,Down,20594.0,20520.0,Medium,Up,20599.0,20521.0,High,Down,20605.0,20460.0,True,True,Low_Down_Medium_Up_High_Down_H_L
20240416,High,Down,20286.0,20146.0,High,Down,20160.0,20055.0,High,Down,20098.0,19798.0,False,True,High_Down_High_Down_High_Down_Nh_L
20240417,High,Up,20070.0,19927.0,Low,Down,20057.0,19993.0,High,Up,20289.0,19995.0,True,False,High_Up_Low_Down_High_Up_H_Nl
20240418,Low,Up,20097.0,20025.0,Low,Down,20124.0,20051.0,High,Up,20359.0,20064.0,True,False,Low_Up_Low_Down_High_Up_H_Nl
20240419,Medium,Down,19924.0,19720.0,High,Down,19783.0,19440.0,High,Down,19696.0,19265.0,False,True,Medium_Down_High_Down_High_Down_Nh_L
20240422,Medium,Down,19715.0,19473.0,Medium,Down,19681.0,19528.0,Medium,Down,19673.0,19445.0,False,True,Medium_Down_Medium_Down_Medium_Down_Nh_L
20240423,Medium,Up,19745.0,19638.0,High,Down,19730.0,19616.0,Medium,Up,19727.0,19554.0,False,True,Medium_Up_High_Down_Medium_Up_Nh_L
20240424,Medium,Up,20065.0,19916.0,High,Up,20095.0,20033.0,High,Up,20202.0,20080.0,True,False,Medium_Up_High_Up_High_Up_H_Nl
20240425,Medium,Up,19979.0,19906.0,High,Down,19962.0,19850.0,Low,Up,19961.0,19834.0,False,True,Medium_Up_High_Down_Low_Up_Nh_L
20240426,Medium,Up,20168.0,20070.0,High,Up,20228.0,20132.0,Low,Down,20271.0,20080.0,True,False,Medium_Up_High_Up_Low_Down_H_Nl
20240429,High,Up,20477.0,20310.0,High,Up,20515.0,20377.0,High,Up,20560.0,20478.0,True,False,High_Up_High_Up_High_Up_H_Nl
20240430,Medium,Down,20547.0,20474.0,High,Up,20576.0,20513.0,Low,Down,20575.0,20404.0,False,True,Medium_Down_High_Up_Low_Down_Nh_L
20240502,High,Up,20369.0,20215.0,Medium,Down,20380.0,20285.0,High,Down,20341.0,20255.0,False,False,High_Up_Medium_Down_High_Down_Nh_Nl
20240503,High,Down,20597.0,20506.0,Medium,Down,20577.0,20521.0,High,Down,20544.0,20306.0,False,True,High_Down_Medium_Down_High_Down_Nh_L
20240506,High,Down,20691.0,20562.0,Medium,Up,20645.0,20585.0,Medium,Down,20714.0,20585.0,True,False,High_Down_Medium_Up_Medium_Down_H_Nl
20240507,Medium,Down,20756.0,20654.0,High,Down,20665.0,20601.0,Low,Up,20676.0,20536.0,False,True,Medium_Down_High_Down_Low_Up_Nh_L
20240508,Medium,Up,20653.0,20612.0,Medium,Up,20666.0,20574.0,High,Up,20738.0,20609.0,True,False,Medium_Up_Medium_Up_High_Up_H_Nl
20240509,Medium,Up,20733.0,20681.0,High,Up,20753.0,20708.0,High,Down,20763.0,20605.0,True,True,Medium_Up_High_Up_High_Down_H_L
20240510,High,Down,20751.0,20692.0,High,Down,20713.0,20643.0,Medium,Up,20828.0,20616.0,True,True,High_Down_High_Down_Medium_Up_H_L
20240513,Medium,Down,20965.0,20887.0,High,Down,20933.0,20860.0,High,Down,20935.0,20833.0,False,True,Medium_Down_High_Down_High_Down_Nh_L
20240514,Medium,Up,20956.0,20872.0,Low,Up,20914.0,20868.0,High,Up,21015.0,20901.0,True,False,Medium_Up_Low_Up_High_Up_H_Nl
20240515,High,Up,21206.0,21116.0,High,Up,21219.0,21157.0,Low,Down,21361.0,21132.0,True,False,High_Up_High_Up_Low_Down_H_Nl
20240516,High,Up,21510.0,21448.0,High,Up,21556.0,21474.0,High,Down,21547.0,21326.0,False,True,High_Up_High_Up_High_Down_Nh_L
20240517,High,Up,21379.0,21301.0,Medium,Up,21388.0,21318.0,Medium,Down,21407.0,21288.0,True,True,High_Up_Medium_Up_Medium_Down_H_L
20240520,High,Down,21485.0,21340.0,Low,Up,21384.0,21305.0,Medium,Down,21399.0,21153.0,False,True,High_Down_Low_Up_Medium_Down_Nh_L
20240521,Medium,Down,21350.0,21260.0,High,Down,21318.0,21254.0,Medium,Up,21307.0,21165.0,False,True,Medium_Down_High_Down_Medium_Up_Nh_L
20240522,High,Up,21420.0,21283.0,Medium,Up,21436.0,21353.0,High,Up,21613.0,21402.0,True,False,High_Up_Medium_Up_High_Up_H_Nl
20240523,Medium,Down,21650.0,21554.0,Medium,Up,21612.0,21492.0,High,Up,21661.0,21583.0,True,False,Medium_Down_Medium_Up_High_Up_H_Nl
20240524,High,Up,21518.0,21414.0,High,Up,21540.0,21495.0,High,Up,21617.0,21504.0,True,False,High_Up_High_Up_High_Up_H_Nl
20240527,High,Up,21803.0,21655.0,High,Up,21887.0,21795.0,High,Up,21917.0,21790.0,True,False,High_Up_High_Up_High_Up_H_Nl
20240528,Medium,Down,21924.0,21845.0,High,Up,21920.0,21849.0,High,Up,21994.0,21888.0,True,False,Medium_Down_High_Up_High_Up_H_Nl
20240529,Medium,Down,21907.0,21845.0,High,Down,21886.0,21777.0,High,Down,21862.0,21720.0,False,True,Medium_Down_High_Down_High_Down_Nh_L
20240530,Low,Up,21514.0,21425.0,High,Up,21548.0,21453.0,Medium,Down,21553.0,21368.0,True,True,Low_Up_High_Up_Medium_Down_H_L
20240531,Medium,Up,21538.0,21465.0,Medium,Down,21535.0,21453.0,High,Down,21583.0,21253.0,True,True,Medium_Up_Medium_Down_High_Down_H_L
20240603,Medium,Down,21582.0,21456.0,Low,Up,21562.0,21424.0,High,Up,21698.0,21523.0,True,False,Medium_Down_Low_Up_High_Up_H_Nl
20240604,Medium,Down,21574.0,21456.0,High,Down,21506.0,21415.0,High,Down,21505.0,21284.0,False,True,Medium_Down_High_Down_High_Down_Nh_L
20240605,Medium,Down,21422.0,21304.0,Low,Up,21373.0,21226.0,High,Up,21493.0,21336.0,True,False,Medium_Down_Low_Up_High_Up_H_Nl
20240606,Medium,Down,21881.0,21803.0,Low,Down,21913.0,21791.0,High,Up,21962.0,21797.0,True,False,Medium_Down_Low_Down_High_Up_H_Nl
20240607,Medium,Up,21866.0,21781.0,High,Up,21883.0,21832.0,Medium,Up,21908.0,21797.0,True,False,Medium_Up_High_Up_Medium_Up_H_Nl
20240611,High,Down,21940.0,21832.0,Low,Up,21917.0,21833.0,High,Down,21970.0,21783.0,True,True,High_Down_Low_Up_High_Down_H_L
20240612,Medium,Up,21903.0,21790.0,High,Up,21946.0,21854.0,High,Up,22063.0,21845.0,True,False,Medium_Up_High_Up_High_Up_H_Nl
20240613,High,Up,22382.0,22260.0,High,Up,22473.0,22349.0,High,Down,22471.0,22207.0,False,True,High_Up_High_Up_High_Down_Nh_L
20240614,High,Up,22355.0,22274.0,High,Down,22343.0,22270.0,High,Up,22514.0,22275.0,True,False,High_Up_High_Down_High_Up_H_Nl
20240617,Medium,Up,22466.0,22420.0,Medium,Up,22508.0,22426.0,Low,Down,22554.0,22440.0,True,False,Medium_Up_Medium_Up_Low_Down_H_Nl
20240618,Medium,Up,22783.0,22681.0,Medium,Down,22788.0,22673.0,High,Up,22812.0,22666.0,True,True,Medium_Up_Medium_Down_High_Up_H_L
20240619,High,Up,23002.0,22940.0,High,Up,23090.0,22982.0,High,Up,23291.0,23005.0,True,False,High_Up_High_Up_High_Up_H_Nl
20240620,Medium,Up,23171.0,23106.0,High,Up,23216.0,23159.0,High,Up,23380.0,23147.0,True,False,Medium_Up_High_Up_High_Up_H_Nl
20240621,High,Up,23161.0,23025.0,High,Up,23149.0,23092.0,High,Up,23291.0,23132.0,True,False,High_Up_High_Up_High_Up_H_Nl
20240624,High,Down,23073.0,22816.0,Low,Up,22885.0,22762.0,High,Down,22865.0,22708.0,False,True,High_Down_Low_Up_High_Down_Nh_L
20240625,Medium,Down,22667.0,22440.0,Low,Up,22569.0,22410.0,High,Up,22776.0,22556.0,True,False,Medium_Down_Low_Up_High_Up_H_Nl
20240626,High,Up,22944.0,22770.0,High,Up,22969.0,22879.0,Medium,Down,23005.0,22744.0,True,True,High_Up_High_Up_Medium_Down_H_L
20240627,High,Up,22685.0,22555.0,High,Up,22726.0,22619.0,High,Up,22822.0,22688.0,True,False,High_Up_High_Up_High_Up_H_Nl
20240628,High,Down,22945.0,22793.0,High,Up,22961.0,22822.0,High,Up,23117.0,22941.0,True,False,High_Down_High_Up_High_Up_H_Nl
20240701,Medium,Up,23040.0,22955.0,High,Up,23100.0,22988.0,Low,Down,23166.0,22938.0,True,True,Medium_Up_High_Up_Low_Down_H_L
20240702,Medium,Down,22892.0,22730.0,Medium,Up,22916.0,22717.0,Medium,Down,22993.0,22745.0,True,False,Medium_Down_Medium_Up_Medium_Down_H_Nl
20240703,High,Down,23117.0,23013.0,Low,Up,23053.0,22981.0,High,Up,23188.0,22988.0,True,False,High_Down_Low_Up_High_Up_H_Nl
20240704,Medium,Up,23538.0,23462.0,Medium,Up,23555.0,23461.0,High,Up,23626.0,23490.0,True,False,Medium_Up_Medium_Up_High_Up_H_Nl
20240705,Medium,Down,23677.0,23614.0,High,Down,23641.0,23573.0,High,Down,23647.0,23526.0,False,True,Medium_Down_High_Down_High_Down_Nh_L
20240708,High,Up,23649.0,23512.0,High,Up,23818.0,23639.0,High,Up,23994.0,23760.0,True,False,High_Up_High_Up_High_Up_H_Nl
20240709,Medium,Up,23990.0,23875.0,Low,Down,24092.0,23896.0,Medium,Down,23949.0,23624.0,False,True,Medium_Up_Low_Down_Medium_Down_Nh_L
20240710,High,Up,23849.0,23753.0,Low,Down,23855.0,23791.0,High,Up,24014.0,23702.0,True,True,High_Up_Low_Down_High_Up_H_L
20240711,Medium,Down,24262.0,24193.0,Medium,Up,24342.0,24160.0,High,Up,24405.0,24284.0,True,False,Medium_Down_Medium_Up_High_Up_H_Nl
20240712,Medium,Down,24070.0,23880.0,High,Down,24014.0,23907.0,High,Down,23979.0,23784.0,False,True,Medium_Down_High_Down_High_Down_Nh_L
20240715,High,Down,24112.0,23913.0,High,Down,23980.0,23756.0,High,Down,23943.0,23783.0,False,False,High_Down_High_Down_High_Down_Nh_Nl
20240716,High,Up,23952.0,23824.0,Low,Down,23960.0,23869.0,Medium,Up,24182.0,23856.0,True,False,High_Up_Low_Down_Medium_Up_H_Nl
20240717,Medium,Down,24000.0,23717.0,High,Up,23979.0,23781.0,Medium,Down,23990.0,23647.0,False,True,Medium_Down_High_Up_Medium_Down_Nh_L
20240718,Medium,Down,23382.0,23154.0,High,Up,23419.0,23228.0,Medium,Up,23444.0,23187.0,True,False,Medium_Down_High_Up_Medium_Up_H_Nl
20240719,Medium,Down,23185.0,23054.0,High,Down,23133.0,23012.0,High,Down,23082.0,22853.0,False,True,Medium_Down_High_Down_High_Down_Nh_L
20240722,High,Down,22906.0,22611.0,High,Down,22654.0,22416.0,High,Down,22531.0,22184.0,False,True,High_Down_High_Down_High_Down_Nh_L
20240723,High,Up,22777.0,22571.0,High,Up,22828.0,22727.0,High,Up,22871.0,22705.0,True,False,High_Up_High_Up_High_Up_H_Nl
20240726,Medium,Up,22148.0,21918.0,Low,Down,22144.0,21981.0,High,Up,22156.0,21962.0,True,False,Medium_Up_Low_Down_High_Up_H_Nl
20240729,Medium,Down,22519.0,22337.0,Low,Up,22458.0,22321.0,High,Down,22448.0,22146.0,False,True,Medium_Down_Low_Up_High_Down_Nh_L
20240730,Medium,Up,22079.0,21894.0,Medium,Down,22075.0,21888.0,Medium,Up,22299.0,21809.0,True,True,Medium_Up_Medium_Down_Medium_Up_H_L
20240731,Medium,Up,22187.0,22025.0,Medium,Down,22199.0,22013.0,High,Up,22348.0,22025.0,True,False,Medium_Up_Medium_Down_High_Up_H_Nl
20240801,Medium,Down,22728.0,22573.0,Low,Up,22678.0,22562.0,Medium,Up,22669.0,22460.0,False,True,Medium_Down_Low_Up_Medium_Up_Nh_L
20240802,Medium,Up,22000.0,21886.0,High,Up,22099.0,21911.0,High,Down,22099.0,21508.0,True,True,Medium_Up_High_Up_High_Down_H_L
20240805,High,Down,20742.0,20010.0,High,Down,20269.0,19832.0,High,Down,20275.0,19374.0,False,True,High_Down_High_Down_High_Down_Nh_L
20240806,Medium,Down,20673.0,20394.0,High,Down,20440.0,19589.0,Medium,Up,20790.0,19708.0,True,False,Medium_Down_High_Down_Medium_Up_H_Nl
20240807,Medium,Up,20880.0,20494.0,High,Up,20999.0,20717.0,High,Up,21335.0,20971.0,True,False,Medium_Up_High_Up_High_Up_H_Nl
20240808,High,Up,20897.0,20545.0,Medium,Down,20915.0,20656.0,Medium,Up,21082.0,20623.0,True,False,High_Up_Medium_Down_Medium_Up_H_Nl
20240809,High,Up,21410.0,21032.0,Medium,Up,21522.0,21236.0,High,Up,21593.0,21233.0,True,False,High_Up_Medium_Up_High_Up_H_Nl
20240812,Medium,Up,21779.0,21600.0,High,Up,21895.0,21735.0,Low,Down,21836.0,21628.0,False,False,Medium_Up_High_Up_Low_Down_Nh_Nl
20240813,Medium,Down,21898.0,21724.0,Low,Up,21850.0,21706.0,High,Down,21825.0,21662.0,False,True,Medium_Down_Low_Up_High_Down_Nh_L
20240814,Medium,Down,22132.0,21962.0,Medium,Up,22158.0,21985.0,High,Down,22156.0,21908.0,False,True,Medium_Down_Medium_Up_High_Down_Nh_L
20240815,Medium,Up,22114.0,21982.0,High,Down,22064.0,21883.0,Medium,Down,22058.0,21840.0,False,True,Medium_Up_High_Down_Medium_Down_Nh_L
20240816,Medium,Up,22385.0,22277.0,High,Up,22447.0,22318.0,Low,Down,22438.0,22285.0,False,False,Medium_Up_High_Up_Low_Down_Nh_Nl
20240819,Medium,Down,22458.0,22347.0,High,Down,22417.0,22346.0,Medium,Up,22521.0,22320.0,True,True,Medium_Down_High_Down_Medium_Up_H_L
20240820,Medium,Up,22574.0,22508.0,High,Down,22564.0,22474.0,High,Down,22544.0,22389.0,False,True,Medium_Up_High_Down_High_Down_Nh_L
20240821,Medium,Down,22323.0,22230.0,Medium,Up,22344.0,22243.0,High,Down,22333.0,22151.0,False,True,Medium_Down_Medium_Up_High_Down_Nh_L
20240822,High,Down,22277.0,22190.0,High,Down,22219.0,22134.0,High,Down,22197.0,22026.0,False,True,High_Down_High_Down_High_Down_Nh_L
20240823,Medium,Down,21999.0,21882.0,Medium,Up,21974.0,21865.0,High,Up,22170.0,21892.0,True,False,Medium_Down_Medium_Up_High_Up_H_Nl
20240826,High,Up,22430.0,22222.0,Low,Down,22450.0,22365.0,High,Down,22421.0,22131.0,False,True,High_Up_Low_Down_High_Down_Nh_L
20240827,High,Down,22125.0,22016.0,Medium,Up,22093.0,21998.0,Medium,Up,22210.0,22012.0,True,False,High_Down_Medium_Up_Medium_Up_H_Nl
20240828,High,Up,22211.0,22101.0,High,Down,22189.0,22088.0,Medium,Up,22414.0,22048.0,True,True,High_Up_High_Down_Medium_Up_H_L
20240829,High,Up,22084.0,21900.0,Medium,Up,22088.0,21945.0,High,Up,22245.0,21981.0,True,False,High_Up_Medium_Up_High_Up_H_Nl
20240830,High,Down,22335.0,22243.0,Low,Up,22286.0,22218.0,Medium,Up,22366.0,22213.0,True,True,High_Down_Low_Up_Medium_Up_H_L
20240902,Medium,Up,22448.0,22305.0,Medium,Down,22404.0,22303.0,High,Down,22340.0,22172.0,False,True,Medium_Up_Medium_Down_High_Down_Nh_L
20240903,Medium,Up,22265.0,22177.0,High,Up,22290.0,22226.0,High,Down,22314.0,22051.0,True,True,Medium_Up_High_Up_High_Down_H_L
20240904,High,Down,21280.0,20828.0,High,Up,21347.0,21007.0,Medium,Down,21338.0,20940.0,False,False,High_Down_High_Up_Medium_Down_Nh_Nl
20240905,Medium,Up,21321.0,21244.0,High,Up,21454.0,21286.0,Medium,Down,21450.0,21056.0,False,True,Medium_Up_High_Up_Medium_Down_Nh_L
20240906,Medium,Down,21247.0,21013.0,High,Up,21325.0,21110.0,High,Up,21435.0,21290.0,True,False,Medium_Down_High_Up_High_Up_H_Nl
20240909,High,Up,20954.0,20616.0,High,Up,20933.0,20832.0,High,Up,21125.0,20888.0,True,False,High_Up_High_Up_High_Up_H_Nl
20240910,Medium,Down,21281.0,21159.0,High,Down,21234.0,21082.0,High,Down,21194.0,20905.0,False,True,Medium_Down_High_Down_High_Down_Nh_L
20240911,High,Down,21110.0,20972.0,Medium,Up,21119.0,20988.0,Medium,Down,21130.0,20950.0,True,True,High_Down_Medium_Up_Medium_Down_H_L
20240912,Medium,Down,21650.0,21461.0,Medium,Up,21688.0,21462.0,High,Up,21780.0,21615.0,True,False,Medium_Down_Medium_Up_High_Up_H_Nl
20240913,Low,Down,21800.0,21717.0,Medium,Down,21785.0,21704.0,Medium,Up,21833.0,21657.0,True,True,Low_Down_Medium_Down_Medium_Up_H_L
20240916,High,Down,21852.0,21779.0,Low,Up,21814.0,21754.0,Medium,Up,21871.0,21735.0,True,True,High_Down_Low_Up_Medium_Up_H_L
20240918,High,Up,21800.0,21718.0,Low,Up,21779.0,21726.0,Medium,Down,21872.0,21560.0,True,True,High_Up_Low_Up_Medium_Down_H_L
20240919,High,Down,21789.0,21661.0,Low,Up,21746.0,21666.0,High,Up,22082.0,21710.0,True,False,High_Down_Low_Up_High_Up_H_Nl
20240920,High,Up,22425.0,22302.0,High,Down,22399.0,22290.0,High,Down,22358.0,22186.0,False,True,High_Up_High_Down_High_Down_Nh_L
20240923,Medium,Up,22338.0,22272.0,High,Up,22392.0,22271.0,Low,Down,22377.0,22258.0,False,True,Medium_Up_High_Up_Low_Down_Nh_L
20240924,Medium,Up,22344.0,22237.0,Medium,Down,22365.0,22250.0,Medium,Up,22508.0,22152.0,True,True,Medium_Up_Medium_Down_Medium_Up_H_L
20240925,Medium,Down,22838.0,22762.0,High,Up,22852.0,22760.0,Medium,Down,22860.0,22739.0,True,True,Medium_Down_High_Up_Medium_Down_H_L
20240926,Medium,Down,23065.0,22989.0,High,Down,23000.0,22940.0,High,Down,23078.0,22892.0,True,True,Medium_Down_High_Down_High_Down_H_L
20240927,Medium,Down,23195.0,23093.0,Medium,Down,23178.0,23113.0,High,Down,23152.0,22878.0,False,True,Medium_Down_Medium_Down_High_Down_Nh_L
20240930,Low,Down,22755.0,22655.0,Medium,Down,22737.0,22641.0,High,Down,22680.0,22316.0,False,True,Low_Down_Medium_Down_High_Down_Nh_L
20241001,High,Up,22445.0,22228.0,Medium,Up,22457.0,22342.0,Medium,Down,22463.0,22323.0,True,False,High_Up_Medium_Up_Medium_Down_H_Nl
20241004,High,Up,22498.0,22272.0,Low,Down,22507.0,22425.0,High,Down,22504.0,22250.0,False,True,High_Up_Low_Down_High_Down_Nh_L
20241007,Medium,Up,22736.0,22539.0,Low,Down,22808.0,22709.0,Medium,Up,22789.0,22586.0,False,False,Medium_Up_Low_Down_Medium_Up_Nh_Nl
20241008,Medium,Down,22618.0,22551.0,High,Down,22587.0,22480.0,Medium,Up,22634.0,22392.0,True,True,Medium_Down_High_Down_Medium_Up_H_L
20241009,High,Up,22857.0,22763.0,Medium,Up,22852.0,22803.0,High,Down,22888.0,22666.0,True,True,High_Up_Medium_Up_High_Down_H_L
20241011,Medium,Up,22939.0,22794.0,High,Up,23025.0,22921.0,Low,Down,23047.0,22856.0,True,False,Medium_Up_High_Up_Low_Down_H_Nl
20241014,High,Down,23017.0,22818.0,Low,Up,22945.0,22862.0,High,Up,23049.0,22880.0,True,False,High_Down_Low_Up_High_Up_H_Nl
20241015,Medium,Up,23169.0,23101.0,High,Up,23255.0,23141.0,Low,Down,23386.0,23223.0,True,False,Medium_Up_High_Up_Low_Down_H_Nl
20241016,Medium,Down,22928.0,22855.0,High,Up,22987.0,22861.0,Low,Down,23203.0,22970.0,True,False,Medium_Down_High_Up_Low_Down_H_Nl
20241017,High,Down,23174.0,23105.0,High,Down,23129.0,23025.0,Medium,Up,23277.0,23005.0,True,True,High_Down_High_Down_Medium_Up_H_L
20241018,High,Down,23840.0,23693.0,Low,Up,23815.0,23644.0,High,Down,23816.0,23527.0,False,True,High_Down_Low_Up_High_Down_Nh_L
20241021,High,Down,23836.0,23730.0,High,Down,23774.0,23701.0,High,Down,23746.0,23566.0,False,True,High_Down_High_Down_High_Down_Nh_L
20241022,High,Down,23563.0,23332.0,Medium,Up,23520.0,23348.0,High,Up,23637.0,23445.0,True,False,High_Down_Medium_Up_High_Up_H_Nl
20241023,Medium,Down,23511.0,23401.0,Medium,Up,23495.0,23388.0,High,Down,23505.0,23336.0,False,True,Medium_Down_Medium_Up_High_Down_Nh_L
20241024,Medium,Down,23425.0,23301.0,Low,Down,23449.0,23331.0,Medium,Down,23406.0,23203.0,False,True,Medium_Down_Low_Down_Medium_Down_Nh_L
20241025,Medium,Up,23395.0,23252.0,Low,Down,23410.0,23333.0,Medium,Up,23487.0,23287.0,True,False,Medium_Up_Low_Down_Medium_Up_H_Nl
20241028,High,Down,23657.0,23553.0,High,Down,23569.0,23418.0,High,Down,23462.0,23216.0,False,True,High_Down_High_Down_High_Down_Nh_L
20241029,High,Down,23148.0,22912.0,High,Down,23010.0,22877.0,Low,Up,23015.0,22693.0,False,True,High_Down_High_Down_Low_Up_Nh_L
20241030,Medium,Down,23130.0,22989.0,Medium,Up,23145.0,22982.0,High,Down,23135.0,22845.0,False,True,Medium_Down_Medium_Up_High_Down_Nh_L
20241101,Medium,Up,22464.0,22232.0,High,Up,22566.0,22404.0,High,Up,22822.0,22526.0,True,False,Medium_Up_High_Up_High_Up_H_Nl
20241104,High,Up,22868.0,22700.0,High,Up,22924.0,22839.0,High,Up,23046.0,22784.0,True,False,High_Up_High_Up_High_Up_H_Nl
20241105,High,Up,22892.0,22782.0,High,Up,23239.0,22858.0,High,Up,23208.0,22960.0,False,False,High_Up_High_Up_High_Up_Nh_Nl
20241106,Medium,Up,23259.0,23062.0,Low,Down,23233.0,23136.0,High,Up,23448.0,23051.0,True,True,Medium_Up_Low_Down_High_Up_H_L
20241107,Medium,Up,23423.0,23085.0,High,Up,23440.0,23307.0,High,Up,23576.0,23323.0,True,False,Medium_Up_High_Up_High_Up_H_Nl
20241108,High,Down,23794.0,23668.0,Low,Up,23742.0,23634.0,Low,Up,23787.0,23528.0,False,True,High_Down_Low_Up_Low_Up_Nh_L
20241111,Medium,Down,23618.0,23430.0,High,Down,23470.0,23350.0,Medium,Up,23632.0,23309.0,True,True,Medium_Down_High_Down_Medium_Up_H_L
20241112,High,Up,23209.0,22983.0,Medium,Up,23228.0,23081.0,High,Down,23242.0,22875.0,True,True,High_Up_Medium_Up_High_Down_H_L
20241113,High,Up,22921.0,22730.0,High,Up,22976.0,22888.0,Low,Down,23015.0,22763.0,True,False,High_Up_High_Up_Low_Down_H_Nl
20241114,Medium,Up,22880.0,22742.0,High,Down,22858.0,22681.0,Medium,Down,22852.0,22576.0,False,True,Medium_Up_High_Down_Medium_Down_Nh_L
20241115,High,Up,22897.0,22684.0,Low,Down,22930.0,22815.0,Medium,Down,22896.0,22690.0,False,False,High_Up_Low_Down_Medium_Down_Nh_Nl
20241118,Low,Down,22789.0,22602.0,High,Down,22695.0,22570.0,High,Down,22670.0,22544.0,False,True,Low_Down_High_Down_High_Down_Nh_L
20241119,Low,Down,22715.0,22592.0,Medium,Up,22683.0,22600.0,High,Up,22995.0,22645.0,True,False,Low_Down_Medium_Up_High_Up_H_Nl
20241120,Medium,Down,22956.0,22833.0,High,Down,22892.0,22813.0,High,Down,22880.0,22668.0,False,True,Medium_Down_High_Down_High_Down_Nh_L
20241121,High,Down,22678.0,22514.0,Medium,Up,22642.0,22525.0,Medium,Down,22733.0,22560.0,True,False,High_Down_Medium_Up_Medium_Down_H_Nl
20241122,High,Up,23000.0,22780.0,Low,Down,23021.0,22914.0,High,Up,23066.0,22851.0,True,False,High_Up_Low_Down_High_Up_H_Nl
20241125,High,Down,23287.0,23157.0,Low,Down,23258.0,23185.0,High,Down,23233.0,23014.0,False,True,High_Down_Low_Down_High_Down_Nh_L
20241126,Medium,Down,22788.0,22626.0,Medium,Up,22780.0,22615.0,Low,Down,22845.0,22634.0,True,False,Medium_Down_Medium_Up_Low_Down_H_Nl
20241127,High,Up,22690.0,22552.0,Medium,Down,22680.0,22540.0,High,Down,22604.0,22347.0,False,True,High_Up_Medium_Down_High_Down_Nh_L
20241128,Medium,Down,22385.0,22279.0,High,Down,22351.0,22196.0,Medium,Up,22366.0,22117.0,False,True,Medium_Down_High_Down_Medium_Up_Nh_L
20241129,Medium,Down,22221.0,22004.0,High,Up,22254.0,22130.0,High,Up,22438.0,22183.0,True,False,Medium_Down_High_Up_High_Up_H_Nl
20241202,High,Up,22652.0,22498.0,High,Up,22746.0,22636.0,High,Up,22828.0,22700.0,True,False,High_Up_High_Up_High_Up_H_Nl
20241203,High,Down,23191.0,23041.0,Medium,Down,23161.0,23061.0,Medium,Down,23149.0,22999.0,False,True,High_Down_Medium_Down_Medium_Down_Nh_L
20241204,High,Down,23220.0,23105.0,Low,Up,23135.0,23071.0,High,Up,23296.0,23118.0,True,False,High_Down_Low_Up_High_Up_H_Nl
20241205,High,Up,23328.0,23243.0,High,Down,23272.0,23222.0,High,Up,23324.0,23211.0,False,True,High_Up_High_Down_High_Up_Nh_L
20241206,Medium,Up,23360.0,23254.0,Medium,Down,23344.0,23271.0,High,Down,23299.0,23134.0,False,True,Medium_Up_Medium_Down_High_Down_Nh_L
20241209,Medium,Up,23287.0,23181.0,Medium,Down,23276.0,23205.0,Low,Up,23275.0,23170.0,False,True,Medium_Up_Medium_Down_Low_Up_Nh_L
20241210,Medium,Up,23337.0,23180.0,High,Down,23314.0,23114.0,High,Down,23160.0,23026.0,False,True,Medium_Up_High_Down_High_Down_Nh_L
20241211,High,Up,22956.0,22862.0,Medium,Up,23011.0,22885.0,Medium,Down,23055.0,22824.0,True,True,High_Up_Medium_Up_Medium_Down_H_L
20241212,High,Up,23165.0,23003.0,High,Up,23211.0,23143.0,High,Down,23209.0,23061.0,False,False,High_Up_High_Up_High_Down_Nh_Nl
20241213,Medium,Up,23023.0,22935.0,Medium,Up,23001.0,22944.0,Low,Down,23092.0,22888.0,True,True,Medium_Up_Medium_Up_Low_Down_H_L
20241216,Medium,Up,23270.0,23185.0,High,Down,23221.0,23135.0,High,Down,23240.0,22946.0,False,True,Medium_Up_High_Down_High_Down_Nh_L
20241217,Medium,Up,23157.0,23082.0,High,Up,23206.0,23146.0,High,Down,23215.0,23027.0,True,True,Medium_Up_High_Up_High_Down_H_L
20241218,Medium,Down,22975.0,22902.0,Low,Up,22995.0,22905.0,High,Up,23200.0,22930.0,True,False,Medium_Down_Low_Up_High_Up_H_Nl
20241219,Medium,Up,22885.0,22718.0,Medium,Up,22893.0,22754.0,Medium,Up,22906.0,22761.0,True,False,Medium_Up_Medium_Up_Medium_Up_H_Nl
20241220,Medium,Down,22790.0,22709.0,Medium,Up,22793.0,22723.0,High,Down,22768.0,22590.0,False,True,Medium_Down_Medium_Up_High_Down_Nh_L
20241223,Low,Up,23025.0,22899.0,High,Up,23094.0,22935.0,High,Up,23245.0,23076.0,True,False,Low_Up_High_Up_High_Up_H_Nl
20241224,High,Down,23459.0,23303.0,High,Down,23333.0,23282.0,High,Down,23344.0,23188.0,False,True,High_Down_High_Down_High_Down_Nh_L
20241225,Medium,Down,23349.0,23301.0,High,Down,23313.0,23278.0,Medium,Up,23345.0,23240.0,False,True,Medium_Down_High_Down_Medium_Up_Nh_L
20241226,Medium,Down,23380.0,23328.0,High,Down,23349.0,23305.0,Low,Up,23351.0,23285.0,False,True,Medium_Down_High_Down_Low_Up_Nh_L
20241227,High,Up,23262.0,23148.0,High,Up,23278.0,23208.0,High,Up,23378.0,23242.0,True,False,High_Up_High_Up_High_Up_H_Nl
20241230,High,Up,23279.0,23181.0,High,Up,23293.0,23240.0,Medium,Down,23324.0,23154.0,True,True,High_Up_High_Up_Medium_Down_H_L
20241231,Medium,Down,23044.0,22958.0,Medium,Up,23025.0,22955.0,Medium,Up,23110.0,22960.0,True,False,Medium_Down_Medium_Up_Medium_Up_H_Nl
20250102,Medium,Up,22985.0,22881.0,Medium,Down,22995.0,22859.0,High,Down,22945.0,22689.0,False,True,Medium_Up_Medium_Down_High_Down_Nh_L
20250103,High,Up,23078.0,22924.0,High,Down,23041.0,22923.0,Medium,Up,23108.0,22905.0,True,True,High_Up_High_Down_Medium_Up_H_L
20250106,High,Up,23336.0,23218.0,High,Up,23415.0,23326.0,High,Up,23620.0,23408.0,True,False,High_Up_High_Up_High_Up_H_Nl
20250107,Medium,Down,23990.0,23853.0,Low,Up,23898.0,23832.0,High,Down,23938.0,23728.0,False,True,Medium_Down_Low_Up_High_Down_Nh_L
20250108,Medium,Up,23644.0,23533.0,Low,Down,23649.0,23576.0,High,Down,23615.0,23439.0,False,True,Medium_Up_Low_Down_High_Down_Nh_L
20250109,High,Up,23410.0,23251.0,Medium,Down,23409.0,23289.0,High,Down,23386.0,23083.0,False,True,High_Up_Medium_Down_High_Down_Nh_L
20250110,High,Up,23129.0,23016.0,High,Up,23141.0,23061.0,High,Down,23125.0,22955.0,False,True,High_Up_High_Up_High_Down_Nh_L
20250113,Medium,Down,23008.0,22784.0,High,Down,22846.0,22511.0,High,Down,22664.0,22431.0,False,True,Medium_Down_High_Down_High_Down_Nh_L
20250114,High,Down,22671.0,22563.0,Low,Up,22686.0,22530.0,High,Up,22767.0,22612.0,True,False,High_Down_Low_Up_High_Up_H_Nl
20250115,Medium,Down,22749.0,22633.0,High,Down,22658.0,22570.0,High,Down,22690.0,22493.0,False,True,Medium_Down_High_Down_High_Down_Nh_L
20250116,Medium,Up,23091.0,23004.0,Medium,Up,23100.0,23002.0,Low,Down,23217.0,22990.0,True,True,Medium_Up_Medium_Up_Low_Down_H_L
20250117,Medium,Down,23318.0,23104.0,High,Down,23133.0,22956.0,Medium,Up,23206.0,22991.0,False,False,Medium_Down_High_Down_Medium_Up_Nh_Nl
20250120,High,Up,23345.0,23222.0,High,Up,23363.0,23281.0,High,Up,23417.0,23310.0,True,False,High_Up_High_Up_High_Up_H_Nl
20250121,Medium,Down,23432.0,23223.0,High,Down,23351.0,23241.0,High,Up,23423.0,23203.0,False,True,Medium_Down_High_Down_High_Up_Nh_L
20250122,Medium,Down,23646.0,23573.0,Medium,Up,23652.0,23574.0,Medium,Up,23719.0,23604.0,True,False,Medium_Down_Medium_Up_Medium_Up_H_Nl
20250203,Medium,Up,22817.0,22539.0,Medium,Down,22799.0,22612.0,High,Down,22705.0,22575.0,False,False,Medium_Up_Medium_Down_High_Down_Nh_Nl
20250204,High,Down,22945.0,22835.0,High,Down,22873.0,22810.0,Low,Up,22908.0,22708.0,False,True,High_Down_High_Down_Low_Up_Nh_L
20250205,Medium,Up,23239.0,23063.0,Low,Down,23270.0,23191.0,Low,Down,23284.0,23108.0,True,False,Medium_Up_Low_Down_Low_Down_H_Nl
20250206,Low,Up,23379.0,23304.0,Medium,Down,23375.0,23288.0,High,Down,23332.0,23234.0,False,True,Low_Up_Medium_Down_High_Down_Nh_L
20250207,High,Up,23361.0,23278.0,Medium,Down,23349.0,23290.0,High,Up,23465.0,23315.0,True,False,High_Up_Medium_Down_High_Up_H_Nl
20250210,Medium,Down,23366.0,23287.0,High,Down,23330.0,23257.0,High,Down,23343.0,23167.0,False,True,Medium_Down_High_Down_High_Down_Nh_L
20250211,High,Up,23497.0,23386.0,Medium,Down,23503.0,23417.0,High,Down,23454.0,23302.0,False,True,High_Up_Medium_Down_High_Down_Nh_L
20250212,High,Up,23536.0,23420.0,High,Down,23531.0,23447.0,High,Down,23497.0,23292.0,False,True,High_Up_High_Down_High_Down_Nh_L
20250213,High,Down,23460.0,23250.0,High,Down,23341.0,23255.0,High,Up,23432.0,23315.0,False,False,High_Down_High_Down_High_Up_Nh_Nl
20250214,High,Down,23349.0,23202.0,High,Down,23239.0,23155.0,High,Down,23255.0,23116.0,False,True,High_Down_High_Down_High_Down_Nh_L
20250217,High,Up,23379.0,23283.0,High,Up,23455.0,23344.0,High,Up,23540.0,23419.0,True,False,High_Up_High_Up_High_Up_H_Nl
20250218,High,Down,23583.0,23466.0,Medium,Up,23529.0,23480.0,High,Up,23663.0,23500.0,True,False,High_Down_Medium_Up_High_Up_H_Nl
20250219,High,Up,23632.0,23560.0,High,Up,23688.0,23613.0,Medium,Down,23697.0,23572.0,True,False,High_Up_High_Up_Medium_Down_H_Nl
20250220,Medium,Down,23564.0,23415.0,High,Down,23468.0,23404.0,High,Up,23564.0,23371.0,True,True,Medium_Down_High_Down_High_Up_H_L
20250221,High,Down,23567.0,23474.0,Medium,Up,23635.0,23488.0,High,Up,23761.0,23595.0,True,False,High_Down_Medium_Up_High_Up_H_Nl
20250224,Medium,Down,23552.0,23456.0,High,Down,23501.0,23444.0,High,Up,23564.0,23452.0,True,False,Medium_Down_High_Down_High_Up_H_Nl
20250225,Medium,Down,23280.0,23186.0,Low,Up,23234.0,23138.0,High,Up,23345.0,23209.0,True,False,Medium_Down_Low_Up_High_Up_H_Nl
20250226,Medium,Down,23195.0,23104.0,High,Up,23255.0,23121.0,High,Up,23421.0,23224.0,True,False,Medium_Down_High_Up_High_Up_H_Nl
20250227,Medium,Up,23431.0,23368.0,High,Down,23434.0,23357.0,High,Down,23369.0,23127.0,False,True,Medium_Up_High_Down_High_Down_Nh_L
20250303,Medium,Up,22797.0,22623.0,High,Down,22737.0,22611.0,Medium,Up,22765.0,22611.0,False,True,Medium_Up_High_Down_Medium_Up_Nh_L
20250304,High,Up,22374.0,22194.0,High,Up,22431.0,22306.0,High,Up,22668.0,22377.0,True,False,High_Up_High_Up_High_Up_H_Nl
20250305,High,Up,22827.0,22637.0,High,Up,22884.0,22792.0,High,Up,22927.0,22774.0,True,False,High_Up_High_Up_High_Up_H_Nl
20250306,High,Down,23017.0,22846.0,High,Down,22902.0,22769.0,High,Down,22851.0,22704.0,False,True,High_Down_High_Down_High_Down_Nh_L
20250307,High,Up,22685.0,22482.0,Low,Down,22683.0,22608.0,High,Down,22632.0,22480.0,False,True,High_Up_Low_Down_High_Down_Nh_L
20250310,Medium,Down,22547.0,22341.0,High,Down,22439.0,22358.0,High,Up,22531.0,22315.0,False,True,Medium_Down_High_Down_High_Up_Nh_L
20250311,High,Down,21947.0,21661.0,Medium,Up,21898.0,21691.0,High,Up,22085.0,21855.0,True,False,High_Down_Medium_Up_High_Up_H_Nl
20250312,Medium,Up,22146.0,22044.0,High,Up,22179.0,22109.0,Medium,Up,22345.0,22110.0,True,False,Medium_Up_High_Up_Medium_Up_H_Nl
20250313,Medium,Down,22475.0,22355.0,High,Down,22395.0,22315.0,High,Down,22382.0,21918.0,False,True,Medium_Down_High_Down_High_Down_Nh_L
20250314,High,Down,22131.0,21879.0,High,Down,22042.0,21913.0,Medium,Down,22040.0,21874.0,False,True,High_Down_High_Down_Medium_Down_Nh_L
20250317,Medium,Down,22244.0,22132.0,Medium,Up,22258.0,22145.0,Medium,Down,22312.0,22111.0,True,True,Medium_Down_Medium_Up_Medium_Down_H_L
20250318,Medium,Down,22385.0,22274.0,Medium,Down,22361.0,22292.0,High,Down,22308.0,22191.0,False,True,Medium_Down_Medium_Down_High_Down_Nh_L
20250319,Medium,Down,22247.0,22167.0,High,Down,22230.0,22156.0,High,Down,22192.0,21935.0,False,True,Medium_Down_High_Down_High_Down_Nh_L
20250320,Medium,Up,22353.0,22202.0,Low,Down,22344.0,22221.0,Medium,Up,22417.0,22220.0,True,False,Medium_Up_Low_Down_Medium_Up_H_Nl
20250321,Medium,Up,22377.0,22267.0,High,Down,22338.0,22241.0,High,Down,22299.0,22173.0,False,True,Medium_Up_High_Down_High_Down_Nh_L
20250324,Medium,Up,22399.0,22290.0,High,Down,22345.0,22230.0,High,Down,22271.0,22124.0,False,True,Medium_Up_High_Down_High_Down_Nh_L
20250325,Medium,Up,22404.0,22320.0,Medium,Up,22425.0,22337.0,High,Down,22443.0,22202.0,True,True,Medium_Up_Medium_Up_High_Down_H_L
20250326,Medium,Down,22429.0,22366.0,High,Down,22390.0,22307.0,High,Down,22369.0,22250.0,False,True,Medium_Down_High_Down_High_Down_Nh_L
20250327,High,Down,22052.0,21918.0,Medium,Down,22019.0,21905.0,Low,Up,22004.0,21891.0,False,True,High_Down_Medium_Down_Low_Up_Nh_L
20250328,Medium,Down,21795.0,21672.0,Medium,Down,21778.0,21658.0,High,Down,21686.0,21485.0,False,True,Medium_Down_Medium_Down_High_Down_Nh_L
20250331,High,Up,21054.0,20856.0,Medium,Down,21065.0,20913.0,High,Down,20997.0,20724.0,False,True,High_Up_Medium_Down_High_Down_Nh_L
20250401,Medium,Down,21019.0,20888.0,High,Up,21122.0,20957.0,High,Up,21271.0,21075.0,True,False,Medium_Down_High_Up_High_Up_H_Nl
20250402,High,Down,21327.0,21225.0,High,Up,21360.0,21257.0,Medium,Down,21334.0,21188.0,False,True,High_Down_High_Up_Medium_Down_Nh_L
20250407,High,Flat,19167.0,19167.0,High,Flat,19167.0,19167.0,High,Flat,19167.0,19167.0,True,True,High_Flat_High_Flat_High_Flat_H_L
20250408,Medium,Down,18639.0,18343.0,Medium,Up,18754.0,18331.0,High,Down,18557.0,18004.0,False,True,Medium_Down_Medium_Up_High_Down_Nh_L
20250409,High,Up,18286.0,17843.0,Medium,Down,18253.0,17927.0,High,Down,18203.0,17139.0,False,True,High_Up_Medium_Down_High_Down_Nh_L
20250410,High,Flat,18902.0,18902.0,High,Flat,18902.0,18902.0,High,Flat,18902.0,18902.0,True,True,High_Flat_High_Flat_High_Flat_H_L
20250411,Low,Up,18736.0,18441.0,High,Up,19084.0,18675.0,High,Up,19566.0,18928.0,True,False,Low_Up_High_Up_High_Up_H_Nl
20250414,Medium,Up,19982.0,19683.0,High,Down,19945.0,19593.0,High,Down,19796.0,19450.0,False,True,Medium_Up_High_Down_High_Down_Nh_L
20250415,Medium,Up,19655.0,19517.0,Low,Down,19664.0,19573.0,High,Up,19833.0,19605.0,True,False,Medium_Up_Low_Down_High_Up_H_Nl
20250416,Medium,Up,19655.0,19558.0,Medium,Up,19672.0,19562.0,High,Down,19669.0,19426.0,False,True,Medium_Up_Medium_Up_High_Down_Nh_L
20250417,Medium,Down,19341.0,19189.0,Medium,Down,19314.0,19152.0,High,Up,19406.0,19112.0,True,True,Medium_Down_Medium_Down_High_Up_H_L
20250418,High,Down,19396.0,19288.0,High,Up,19409.0,19317.0,Medium,Down,19432.0,19305.0,True,False,High_Down_High_Up_Medium_Down_H_Nl
20250421,High,Down,19368.0,19134.0,Low,Up,19158.0,19056.0,High,Down,19197.0,19027.0,False,True,High_Down_Low_Up_High_Down_Nh_L
20250422,Medium,Down,18972.0,18843.0,High,Up,19027.0,18908.0,High,Down,19035.0,18773.0,True,True,Medium_Down_High_Up_High_Down_H_L
20250423,Medium,Up,19422.0,19171.0,High,Up,19449.0,19346.0,High,Up,19596.0,19341.0,True,False,Medium_Up_High_Up_High_Up_H_Nl
20250424,Medium,Down,19682.0,19589.0,High,Down,19618.0,19525.0,High,Down,19607.0,19413.0,False,True,Medium_Down_High_Down_High_Down_Nh_L
20250425,Low,Down,20008.0,19922.0,Low,Up,19977.0,19880.0,High,Down,19971.0,19848.0,False,True,Low_Down_Low_Up_High_Down_Nh_L
20250428,Medium,Up,20030.0,19954.0,High,Up,20045.0,19980.0,Medium,Down,20053.0,19933.0,True,True,Medium_Up_High_Up_Medium_Down_H_L
20250429,High,Up,20050.0,19976.0,High,Down,20023.0,19963.0,High,Up,20207.0,19974.0,True,False,High_Up_High_Down_High_Up_H_Nl
20250430,High,Up,20163.0,20065.0,Low,Down,20195.0,20131.0,Low,Up,20268.0,20089.0,True,False,High_Up_Low_Down_Low_Up_H_Nl
20250502,High,Up,20577.0,20469.0,Medium,Down,20582.0,20481.0,High,Up,20710.0,20489.0,True,False,High_Up_Medium_Down_High_Up_H_Nl
20250505,Medium,Down,20796.0,20586.0,High,Down,20730.0,20406.0,Low,Up,20485.0,20206.0,False,True,Medium_Down_High_Down_Low_Up_Nh_L
20250506,Medium,Up,20321.0,20150.0,High,Up,20413.0,20265.0,High,Up,20483.0,20292.0,True,False,Medium_Up_High_Up_High_Up_H_Nl
20250507,Medium,Down,20560.0,20410.0,High,Down,20453.0,20265.0,Low,Up,20440.0,20293.0,False,False,Medium_Down_High_Down_Low_Up_Nh_Nl
20250508,High,Up,20653.0,20452.0,Medium,Down,20630.0,20530.0,Low,Down,20695.0,20498.0,True,False,High_Up_Medium_Down_Low_Down_H_Nl
20250509,Medium,Up,20709.0,20627.0,High,Down,20718.0,20596.0,High,Up,20872.0,20620.0,True,False,Medium_Up_High_Down_High_Up_H_Nl
20250512,High,Up,21127.0,20978.0,Low,Down,21119.0,21039.0,Low,Up,21134.0,21002.0,True,False,High_Up_Low_Down_Low_Up_H_Nl
20250513,Medium,Down,21520.0,21407.0,Low,Up,21489.0,21411.0,High,Down,21485.0,21288.0,False,True,Medium_Down_Low_Up_High_Down_Nh_L
20250514,Medium,Down,21718.0,21614.0,Low,Up,21730.0,21623.0,Medium,Up,21787.0,21579.0,True,True,Medium_Down_Low_Up_Medium_Up_H_L
20250515,Medium,Flat,21806.0,21716.0,High,Down,21788.0,21676.0,Low,Down,21810.0,21692.0,True,False,Medium_Flat_High_Down_Low_Down_H_Nl
20250516,High,Down,21785.0,21679.0,Medium,Up,21828.0,21706.0,Low,Down,21878.0,21770.0,True,False,High_Down_Medium_Up_Low_Down_H_Nl
20250519,Low,Down,21748.0,21634.0,High,Down,21694.0,21619.0,High,Down,21722.0,21499.0,False,True,Low_Down_High_Down_High_Down_Nh_L
20250520,High,Down,21772.0,21656.0,High,Down,21682.0,21626.0,High,Down,21677.0,21505.0,False,True,High_Down_High_Down_High_Down_Nh_L
20250521,Medium,Up,21688.0,21549.0,Low,Down,21689.0,21621.0,High,Up,21852.0,21616.0,True,False,Medium_Up_Low_Down_High_Up_H_Nl
20250522,Medium,Up,21550.0,21457.0,High,Down,21538.0,21461.0,Low,Flat,21516.0,21396.0,False,True,Medium_Up_High_Down_Low_Flat_Nh_L
20250523,Medium,Down,21640.0,21551.0,High,Down,21576.0,21484.0,High,Down,21513.0,21372.0,False,True,Medium_Down_High_Down_High_Down_Nh_L
20250526,High,Down,21569.0,21390.0,High,Down,21486.0,21370.0,High,Down,21485.0,21357.0,False,True,High_Down_High_Down_High_Down_Nh_L
20250527,Medium,Down,21438.0,21272.0,Low,Up,21369.0,21281.0,High,Down,21325.0,21133.0,False,True,Medium_Down_Low_Up_High_Down_Nh_L
20250528,Medium,Up,21512.0,21413.0,High,Down,21472.0,21345.0,High,Down,21365.0,21150.0,False,True,Medium_Up_High_Down_High_Down_Nh_L
20250529,Medium,Down,21616.0,21370.0,Low,Up,21427.0,21337.0,High,Down,21425.0,21275.0,False,True,Medium_Down_Low_Up_High_Down_Nh_L
20250602,Medium,Down,21049.0,20955.0,High,Down,21009.0,20855.0,High,Down,20940.0,20790.0,False,True,Medium_Down_High_Down_High_Down_Nh_L
20250603,High,Up,21145.0,21012.0,High,Up,21221.0,21086.0,High,Down,21213.0,20955.0,False,True,High_Up_High_Up_High_Down_Nh_L
20250604,Medium,Up,21383.0,21261.0,High,Up,21455.0,21354.0,High,Up,21533.0,21431.0,True,False,Medium_Up_High_Up_High_Up_H_Nl
20250605,Medium,Up,21625.0,21551.0,High,Up,21652.0,21580.0,High,Down,21677.0,21512.0,True,True,Medium_Up_High_Up_High_Down_H_L
20250606,Medium,Down,21606.0,21527.0,Low,Down,21630.0,21535.0,Low,Up,21599.0,21513.0,False,True,Medium_Down_Low_Down_Low_Up_Nh_L
20250609,Medium,Up,21788.0,21658.0,High,Down,21740.0,21626.0,Medium,Up,21737.0,21629.0,False,False,Medium_Up_High_Down_Medium_Up_Nh_Nl
20250610,High,Up,21931.0,21850.0,High,Up,22108.0,21907.0,High,Up,22236.0,22041.0,True,False,High_Up_High_Up_High_Up_H_Nl
20250611,High,Down,22333.0,22230.0,High,Down,22288.0,22214.0,Medium,Up,22355.0,22190.0,True,True,High_Down_High_Down_Medium_Up_H_L
20250612,High,Down,22329.0,22223.0,Medium,Up,22325.0,22240.0,High,Down,22314.0,22214.0,False,True,High_Down_Medium_Up_High_Down_Nh_L
20250613,Medium,Down,22048.0,21906.0,Medium,Up,22064.0,21893.0,Low,Down,22139.0,21934.0,True,False,Medium_Down_Medium_Up_Low_Down_H_Nl
20250616,High,Down,22061.0,21868.0,Low,Up,21971.0,21902.0,Medium,Up,22042.0,21877.0,False,False,High_Down_Low_Up_Medium_Up_Nh_Nl
20250617,High,Up,22260.0,22130.0,Low,Up,22183.0,22134.0,High,Down,22244.0,22061.0,False,True,High_Up_Low_Up_High_Down_Nh_L
20250618,High,Up,22234.0,22080.0,Low,Down,22244.0,22175.0,High,Up,22384.0,22185.0,True,False,High_Up_Low_Down_High_Up_H_Nl
20250619,Medium,Down,21857.0,21760.0,High,Down,21803.0,21706.0,High,Down,21755.0,21675.0,False,True,Medium_Down_High_Down_High_Down_Nh_L
20250620,Medium,Down,21743.0,21605.0,High,Down,21653.0,21505.0,Medium,Up,21664.0,21470.0,False,True,Medium_Down_High_Down_Medium_Up_Nh_L
20250623,Medium,Down,21398.0,21230.0,High,Down,21390.0,21205.0,High,Up,21484.0,21260.0,True,False,Medium_Down_High_Down_High_Up_H_Nl
20250624,High,Up,21928.0,21764.0,High,Up,21955.0,21845.0,High,Up,21966.0,21810.0,True,False,High_Up_High_Up_High_Up_H_Nl
20250625,High,Down,22149.0,22055.0,High,Down,22085.0,22017.0,Medium,Up,22168.0,22024.0,True,False,High_Down_High_Down_Medium_Up_H_Nl
20250626,Medium,Up,22219.0,22155.0,Medium,Down,22231.0,22166.0,High,Down,22263.0,22078.0,True,True,Medium_Up_Medium_Down_High_Down_H_L
20250627,High,Down,22221.0,22102.0,High,Down,22146.0,22031.0,Low,Up,22128.0,21989.0,False,True,High_Down_High_Down_Low_Up_Nh_L
20250630,Medium,Down,22254.0,22111.0,Low,Up,22165.0,22088.0,Medium,Down,22186.0,22083.0,False,True,Medium_Down_Low_Up_Medium_Down_Nh_L
20250701,High,Up,22459.0,22191.0,High,Up,22593.0,22415.0,Medium,Down,22590.0,22286.0,False,False,High_Up_High_Up_Medium_Down_Nh_Nl
20250702,Medium,Down,22299.0,22208.0,High,Up,22310.0,22236.0,High,Up,22401.0,22255.0,True,False,Medium_Down_High_Up_High_Up_H_Nl
20250703,Medium,Up,22652.0,22547.0,High,Up,22696.0,22595.0,High,Up,22716.0,22630.0,True,False,Medium_Up_High_Up_High_Up_H_Nl
20250704,High,Down,22762.0,22679.0,High,Down,22701.0,22569.0,High,Down,22583.0,22431.0,False,True,High_Down_High_Down_High_Down_Nh_L
20250707,Medium,Down,22506.0,22244.0,Low,Up,22424.0,22245.0,High,Down,22384.0,22271.0,False,False,Medium_Down_Low_Up_High_Down_Nh_Nl
20250708,High,Down,22397.0,22216.0,High,Down,22304.0,22193.0,Low,Up,22315.0,22141.0,False,True,High_Down_High_Down_Low_Up_Nh_L
20250709,Medium,Up,22285.0,22146.0,Low,Down,22297.0,22217.0,High,Up,22473.0,22272.0,True,False,Medium_Up_Low_Down_High_Up_H_Nl
20250710,Medium,Down,22516.0,22410.0,High,Up,22562.0,22442.0,High,Up,22647.0,22496.0,True,False,Medium_Down_High_Up_High_Up_H_Nl
20250711,High,Up,22611.0,22488.0,High,Up,22694.0,22565.0,High,Up,22774.0,22638.0,True,False,High_Up_High_Up_High_Up_H_Nl
20250714,Medium,Down,22695.0,22561.0,Low,Up,22617.0,22549.0,High,Down,22638.0,22520.0,False,True,Medium_Down_Low_Up_High_Down_Nh_L
20250715,Medium,Up,22591.0,22512.0,High,Up,22706.0,22563.0,High,Up,22882.0,22702.0,True,False,Medium_Up_High_Up_High_Up_H_Nl
20250716,High,Up,22962.0,22845.0,High,Up,23015.0,22944.0,High,Up,23116.0,23006.0,True,False,High_Up_High_Up_High_Up_H_Nl
20250717,High,Up,23029.0,22911.0,Medium,Down,23024.0,22866.0,Medium,Up,23150.0,22915.0,True,False,High_Up_Medium_Down_Medium_Up_H_Nl
20250718,Medium,Down,23399.0,23305.0,High,Down,23360.0,23261.0,High,Down,23320.0,23230.0,False,True,Medium_Down_High_Down_High_Down_Nh_L
20250721,Low,Down,23301.0,23172.0,Low,Flat,23253.0,23180.0,Low,Up,23280.0,23189.0,False,False,Low_Down_Low_Flat_Low_Up_Nh_Nl
20250722,High,Up,23373.0,23205.0,Low,Down,23406.0,23315.0,Medium,Down,23377.0,22981.0,False,True,High_Up_Low_Down_Medium_Down_Nh_L
20250723,High,Up,23192.0,23000.0,Low,Down,23197.0,23075.0,High,Up,23258.0,23169.0,True,False,High_Up_Low_Down_High_Up_H_Nl
20250724,High,Down,23408.0,23253.0,High,Down,23269.0,23233.0,High,Up,23332.0,23229.0,False,True,High_Down_High_Down_High_Up_Nh_L
20250725,Medium,Down,23328.0,23215.0,Low,Up,23270.0,23207.0,Medium,Down,23316.0,23233.0,False,False,Medium_Down_Low_Up_Medium_Down_Nh_Nl
